building_id,building_name,category,energy_kwh,occupancy_hours,mean_occupancy_ratio,mean_cooling_load,energy_per_occupied_person_interval,efficiency_score,cost_inr,co2_kg,leaderboard_rank
HST-G,Girls Hostel — Vasishta Block,hostel,14534.69494,1346415,0.5549913896932375,0.0,0.010795107704533891,86.54063979737204,127178.58072499999,11918.4498508,1
HST-B,Boys Hostel — Nagarjuna Block,hostel,17067.08821,1436982,0.5546186982870943,0.0,0.011877036880072264,84.15195386763628,149337.0218375,13995.0123322,2
ADM,Administrative Block,admin,9509.96429,165538,0.2851186671651003,3.309621152188898,0.057448829211419736,59.586415213640656,83212.1875375,7798.1707178,3
CAF,Central Cafeteria,cafeteria,7417.00489,364070,0.2315203317380855,3.4831829398934193,0.02037246927788612,55.24714920937661,64898.7927875,6081.9440098,4
LIB,Central Library,library,20297.62874,1018009,0.3328236726467446,4.422668808918402,0.019938555297644718,55.18402462517293,177604.251475,16644.055566799998,5
BLK-C,Academic Block C — Management & Humanities,academic,13170.46329,325106,0.15392006298636998,2.849150286529833,0.04051128951788032,40.83089386027108,115241.5537875,10799.7798978,6
BLK-B,Academic Block B — Sciences,academic,14196.65124,323515,0.15453583900290171,2.8496023784127384,0.04388251314467644,39.95274642087434,124220.69834999999,11641.254016799998,7
LAB-CSE,Computer Science Laboratories,computer_lab,37796.3228,530868,0.2876161302613073,4.37535214279849,0.07119721437344123,33.68529460847737,330717.8245,30992.984696,8
BLK-A,Academic Block A — Engineering,academic,22163.65991,496993,0.153827684387824,2.858482513257433,0.04459551726080649,32.492230533674,193932.0242125,18174.201126199998,9
